assembly_id,sequence_id,functional_annotations,raw_header,sequence_length,sequence
GCF_000005845.2,NP_414542.1,thr operon leader peptide,NP_414542.1 thr operon leader peptide [Escherichia coli str. K-12 substr. MG1655],21,MKRISTTITTTITITTGNGAG
GCF_000005845.2,NP_414543.1,fused aspartate kinase/homoserine dehydrogenase 1,NP_414543.1 fused aspartate kinase/homoserine dehydrogenase 1 [Escherichia coli str. K-12 substr. MG1655],820,MRVLKFGGTSVANAERFLRVADILESNARQGQVATVLSAPAKITNHLVAMIEKTISGQDALPNISDAERIFAELLTGLAAAQPGFPLAQLKTFVDQEFAQIKHVLHGISLLGQCPDSINAALICRGEKMSIAIMAGVLEARGHNVTVIDPVEKLLAVGHYLESTVDIAESTRRIAASRIPADHMVLMAGFTAGNEKGELVVLGRNGSDYSAAVLAACLRADCCEIWTDVDGVYTCDPRQVPDARLLKSMSYQEAMELSYFGAKVLHPRTITPIAQFQIPCLIKNTGNPQAPGTLIGASRDEDELPVKGISNLNNMAMFSVSGPGMKGMVGMAARVFAAMSRARISVVLITQSSSEYSISFCVPQSDCVRAERAMQEEFYLELKEGLLEPLAVTERLAIISVVGDGMRTLRGISAKFFAALARANINIVAIAQGSSERSISVVVNNDDATTGVRVTHQMLFNTDQVIEVFVIGVGGVGGALLEQLKRQQSWLKNKHIDLRVCGVANSKALLTNVHGLNLENWQEELAQAKEPFNLGRLIRLVKEYHLLNPVIVDCTSSQAVADQYADFLREGFHVVTPNKKANTSSMDYYHQLRYAAEKSRRKFLYDTNVGAGLPVIENLQNLLNAGDELMKFSGILSGSLSYIFGKLDEGMSFSEATTLAREMGYTEPDPRDDLSGMDVARKLLILARETGRELELADIEIEPVLPAEFNAEGDVAAFMANLSQLDDLFAARVAKARDEGKVLRYVGNIDEDGVCRVKIAEVDGNDPLFKVKNGENALAFYSHYYQPLPLVLRGYGAGNDVTAAGVFADLLRTLSWKLGV
GCF_000005845.2,NP_414544.1,homoserine kinase,NP_414544.1 homoserine kinase [Escherichia coli str. K-12 substr. MG1655],310,MVKVYAPASSANMSVGFDVLGAAVTPVDGALLGDVVTVEAAETFSLNNLGRFADKLPSEPRENIVYQCWERFCQELGKQIPVAMTLEKNMPIGSGLGSSACSVVAALMAMNEHCGKPLNDTRLLALMGELEGRISGSIHYDNVAPCFLGGMQLMIEENDIISQQVPGFDEWLWVLAYPGIKVSTAEARAILPAQYRRQDCIAHGRHLAGFIHACYSRQPELAAKLMKDVIAEPYRERLLPGFRQARQAVAEIGAVASGISGSGPTLFALCDKPETAQRVADWLGKNYLQNQEGFVHICRLDTAGARVLEN
GCF_000005845.2,NP_414545.1,threonine synthase,NP_414545.1 threonine synthase [Escherichia coli str. K-12 substr. MG1655],428,MKLYNLKDHNEQVSFAQAVTQGLGKNQGLFFPHDLPEFSLTEIDEMLKLDFVTRSAKILSAFIGDEIPQEILEERVRAAFAFPAPVANVESDVGCLELFHGPTLAFKDFGGRFMAQMLTHIAGDKPVTILTATSGDTGAAVAHAFYGLPNVKVVILYPRGKISPLQEKLFCTLGGNIETVAIDGDFDACQALVKQAFDDEELKVALGLNSANSINISRLLAQICYYFEAVAQLPQETRNQLVVSVPSGNFGDLTAGLLAKSLGLPVKRFIAATNVNDTVPRFLHDGQWSPKATQATLSNAMDVSQPNNWPRVEELFRRKIWQLKELGYAAVDDETTQQTMRELKELGYTSEPHAAVAYRALRDQLNPGEYGLFLGTAHPAKFKESVEAILGETLDLPKELAERADLPLLSHNLPADFAALRKLMMNHQ
GCF_000005845.2,NP_414546.1,DUF2502 domain-containing protein YaaX,NP_414546.1 DUF2502 domain-containing protein YaaX [Escherichia coli str. K-12 substr. MG1655],98,MKKMQSIVLALSLVLVAPMAAQAAEITLVPSVKLQIGDRDNRGYYWDGGHWRDHGWWKQHYEWRGNRWHLHGPPPPPRHHKKAPHDHHGGHGPGKHHR
GCF_000005845.2,NP_414547.1,DNA binding and peroxide stress response protein YaaA,NP_414547.1 DNA binding and peroxide stress response protein YaaA [Escherichia coli str. K-12 substr. MG1655],258,MLILISPAKTLDYQSPLTTTRYTLPELLDNSQQLIHEARKLTPPQISTLMRISDKLAGINAARFHDWQPDFTPANARQAILAFKGDVYTGLQAETFSEDDFDFAQQHLRMLSGLYGVLRPLDLMQPYRLEMGIRLENARGKDLYQFWGDIITNKLNEALAAQGDNVVINLASDEYFKSVKPKKLNAEIIKPVFLDEKNGKFKIISFYAKKARGLMSRFIIENRLTKPEQLTGFNSEGYFFDEDSSSNGELVFKRYEQR
GCF_000005845.2,NP_414548.1,putative transporter YaaJ,NP_414548.1 putative transporter YaaJ [Escherichia coli str. K-12 substr. MG1655],476,MPDFFSFINSVLWGSVMIYLLFGAGCWFTFRTGFVQFRYIRQFGKSLKNSIHPQPGGLTSFQSLCTSLAARVGSGNLAGVALAITAGGPGAVFWMWVAAFIGMATSFAECSLAQLYKERDVNGQFRGGPAWYMARGLGMRWMGVLFAVFLLIAYGIIFSGVQANAVARALSFSFDFPPLVTGIILAVFTLLAITRGLHGVARLMQGFVPLMAIIWVLTSLVICVMNIGQLPHVIWSIFESAFGWQEAAGGAAGYTLSQAITNGFQRSMFSNEAGMGSTPNAAAAAASWPPHPAAQGIVQMIGIFIDTLVICTASAMLILLAGNGTTYMPLEGIQLIQKAMRVLMGSWGAEFVTLVVILFAFSSIVANYIYAENNLFFLRLNNPKAIWCLRICTFATVIGGTLLSLPLMWQLADIIMACMAITNLTAILLLSPVVHTIASDYLRQRKLGVRPVFDPLRYPDIGRQLSPDAWDDVSQE
GCF_000005845.2,NP_414549.1,transaldolase B,NP_414549.1 transaldolase B [Escherichia coli str. K-12 substr. MG1655],317,MTDKLTSLRQYTTVVADTGDIAAMKLYQPQDATTNPSLILNAAQIPEYRKLIDDAVAWAKQQSNDRAQQIVDATDKLAVNIGLEILKLVPGRISTEVDARLSYDTEASIAKAKRLIKLYNDAGISNDRILIKLASTWQGIRAAEQLEKEGINCNLTLLFSFAQARACAEAGVFLISPFVGRILDWYKANTDKKEYAPAEDPGVVSVSEIYQYYKEHGYETVVMGASFRNIGEILELAGCDRLTIAPALLKELAESEGAIERKLSYTGEVKARPARITESEFLWQHNQDPMAVDKLAEGIRKFAIDQEKLEKMIGDLL
GCF_000005845.2,NP_414550.1,molybdopterin adenylyltransferase,NP_414550.1 molybdopterin adenylyltransferase [Escherichia coli str. K-12 substr. MG1655],195,MNTLRIGLVSISDRASSGVYQDKGIPALEEWLTSALTTPFELETRLIPDEQAIIEQTLCELVDEMSCHLVLTTGGTGPARRDVTPDATLAVADREMPGFGEQMRQISLHFVPTAILSRQVGVIRKQALILNLPGQPKSIKETLEGVKDAEGNVVVHGIFASVPYCIQLLEGPYVETAPEVVAAFRPKSARRDVSE
GCF_000005845.2,NP_414551.1,acetate/succinate:H(+) symporter,NP_414551.1 acetate/succinate:H(+) symporter [Escherichia coli str. K-12 substr. MG1655],188,MGNTKLANPAPLGLMGFGMTTILLNLHNVGYFALDGIILAMGIFYGGIAQIFAGLLEYKKGNTFGLTAFTSYGSFWLTLVAILLMPKLGLTDAPNAQFLGVYLGLWGVFTLFMFFGTLKGARVLQFVFFSLTVLFALLAIGNIAGNAAIIHFAGWIGLICGASAIYLAMGEVLNEQFGRTVLPIGESH
GCF_000005845.2,NP_414552.1,putative enzyme-specific chaperone YaaW,NP_414552.1 putative enzyme-specific chaperone YaaW [Escherichia coli str. K-12 substr. MG1655],237,MNVNYLNDSDLDFLQHCSEEQLANFARLLTHNEKGKTRLSSVLMRNELFKSMEGHPEQHRRNWQLIAGELQHFGGDSIANKLRGHGKLYRAILLDVSKRLKLKADKEMSTFEIEQQLLEQFLRNTWKKMDEEHKQEFLHAVDARVNELEELLPLLMKDKLLAKGVSHLLSSQLTRILRTHAAMSVLGHGLLRGAGLGGPVGAALNGVKAVSGSAYRVTIPAVLQIACLRRMVSATQV
GCF_000005845.2,NP_414554.1,DUF2541 domain-containing protein YaaI,NP_414554.1 DUF2541 domain-containing protein YaaI [Escherichia coli str. K-12 substr. MG1655],134,MKSVFTISASLAISLMLCCTAQANDHKLLGAIAMPRNETNDLALKLPVCRIVKRIQLSADHGDLQLSGASVYFKAARSASQSLNIPSEIKEGQTTDWININSDNDNKRCVSKITFSGHTVNSSDMATLKIIGDD
GCF_000005845.2,NP_414555.1,chaperone protein DnaK,NP_414555.1 chaperone protein DnaK [Escherichia coli str. K-12 substr. MG1655],638,MGKIIGIDLGTTNSCVAIMDGTTPRVLENAEGDRTTPSIIAYTQDGETLVGQPAKRQAVTNPQNTLFAIKRLIGRRFQDEEVQRDVSIMPFKIIAADNGDAWVEVKGQKMAPPQISAEVLKKMKKTAEDYLGEPVTEAVITVPAYFNDAQRQATKDAGRIAGLEVKRIINEPTAAALAYGLDKGTGNRTIAVYDLGGGTFDISIIEIDEVDGEKTFEVLATNGDTHLGGEDFDSRLINYLVEEFKKDQGIDLRNDPLAMQRLKEAAEKAKIELSSAQQTDVNLPYITADATGPKHMNIKVTRAKLESLVEDLVNRSIEPLKVALQDAGLSVSDIDDVILVGGQTRMPMVQKKVAEFFGKEPRKDVNPDEAVAIGAAVQGGVLTGDVKDVLLLDVTPLSLGIETMGGVMTTLIAKNTTIPTKHSQVFSTAEDNQSAVTIHVLQGERKRAADNKSLGQFNLDGINPAPRGMPQIEVTFDIDADGILHVSAKDKNSGKEQKITIKASSGLNEDEIQKMVRDAEANAEADRKFEELVQTRNQGDHLLHSTRKQVEEAGDKLPADDKTAIESALTALETALKGEDKAAIEAKMQELAQVSQKLMEIAQQQHAQQQTAGADASANNAKDDDVVDAEFEEVKDKK
GCF_000005845.2,NP_414556.1,chaperone protein DnaJ,NP_414556.1 chaperone protein DnaJ [Escherichia coli str. K-12 substr. MG1655],376,MAKQDYYEILGVSKTAEEREIRKAYKRLAMKYHPDRNQGDKEAEAKFKEIKEAYEVLTDSQKRAAYDQYGHAAFEQGGMGGGGFGGGADFSDIFGDVFGDIFGGGRGRQRAARGADLRYNMELTLEEAVRGVTKEIRIPTLEECDVCHGSGAKPGTQPQTCPTCHGSGQVQMRQGFFAVQQTCPHCQGRGTLIKDPCNKCHGHGRVERSKTLSVKIPAGVDTGDRIRLAGEGEAGEHGAPAGDLYVQVQVKQHPIFEREGNNLYCEVPINFAMAALGGEIEVPTLDGRVKLKVPGETQTGKLFRMRGKGVKSVRGGAQGDLLCRVVVETPVGLNERQKQLLQELQESFGGPTGEHNSPRSKSFFDGVKKFFDDLTR
GCF_000005845.2,NP_414557.1,IS186/IS421 family transposase,NP_414557.1 IS186/IS421 family transposase [Escherichia coli str. K-12 substr. MG1655],370,MNYSHDNWSAILAHIGKPEELDTSARNAGALTRRREIRDAATLLRLGLAYGPGGMSLREVTAWAQLHDVATLSDVALLKRLRNAADWFGILAAQTLAVRAAVTGCTSGKRLRLVDGTAISAPGGGSAEWRLHMGYDPHTCQFTDFELTDSRDAERLDRFAQTADEIRIADRGFGSRPECIRSLAFGEADYIVRVHWRGLRWLTAEGMRFDMMGFLRGLDCGKNGETTVMIGNSGNKKAGAPFPARLIAVSLPPEKALISKTRLLSENRRKGRVVQAETLEAAGHVLLLTSLPEDEYSAEQVADCYRLRWQIELAFKRLKSLLHLDALRAKEPELAKAWIFANLLAAFLIDDIIQPSLDFPPRSAGSEKKN
GCF_000005845.2,NP_414559.1,regulatory protein MokC,NP_414559.1 regulatory protein MokC [Escherichia coli str. K-12 substr. MG1655],69,MLNTCRVPLTDRKVKEKRAMKQHKAMIVALIVICITAVVAALVTRKDLCEVHIRTGQTEVAVFTAYESE
GCF_000005845.2,NP_414560.1,Na(+):H(+) antiporter NhaA,NP_414560.1 Na(+):H(+) antiporter NhaA [Escherichia coli str. K-12 substr. MG1655],388,MKHLHRFFSSDASGGIILIIAAILAMIMANSGATSGWYHDFLETPVQLRVGSLEINKNMLLWINDALMAVFFLLVGLEVKRELMQGSLASLRQAAFPVIAAIGGMIVPALLYLAFNYADPITREGWAIPAATDIAFALGVLALLGSRVPLALKIFLMALAIIDDLGAIIIIALFYTNDLSMASLGVAAVAIAVLAVLNLCGARRTGVYILVGVVLWTAVLKSGVHATLAGVIVGFFIPLKEKHGRSPAKRLEHVLHPWVAYLILPLFAFANAGVSLQGVTLDGLTSILPLGIIAGLLIGKPLGISLFCWLALRLKLAHLPEGTTYQQIMVVGILCGIGFTMSIFIASLAFGSVDPELINWAKLGILVGSISSAVIGYSWLRVRLRPSV
GCF_000005845.2,NP_414561.1,DNA-binding transcriptional activator NhaR,NP_414561.1 DNA-binding transcriptional activator NhaR [Escherichia coli str. K-12 substr. MG1655],301,MSMSHINYNHLYYFWHVYKEGSVVGAAEALYLTPQTITGQIRALEERLQGKLFKRKGRGLEPSELGELVYRYADKMFTLSQEMLDIVNYRKESNLLFDVGVADALSKRLVSSVLNAAVVEGEPIHLRCFESTHEMLLEQLSQHKLDMIISDCPIDSTQQEGLFSVRIGECGVSFWCTNPPPEKPFPACLEERRLLIPGRRSMLGRKLLNWFNSQGLNVEILGEFDDAALMKAFGAMHNAIFVAPTLYAYDFYADKTVVEIGRVENVMEEYHAIFAERMIQHPAVQRICNTDYSALFSPAVR
GCF_000005845.2,NP_414562.1,IS1 family protein InsB,NP_414562.1 IS1 family protein InsB [Escherichia coli str. K-12 substr. MG1655],167,MPGNSPHYGRWPQHDFTSLKKLRPQSVTSRIQPGSDVIVCAEMDEQWGYVGAKSRQRWLFYAYDSLRKTVVAHVFGERTMATLGRLMSLLSPFDVVIWMTDGWPLYESRLKGKLHVISKRYTQRIERHNLNLRQHLARLGRKSLSFSKSVELHDKVIGHYLNIKHYQ
GCF_000005845.2,NP_414563.1,IS1 family protein InsA,NP_414563.1 IS1 family protein InsA [Escherichia coli str. K-12 substr. MG1655],91,MASVSISCPSCSATDGVVRNGKSTAGHQRYLCSHCRKTWQLQFTYTASQPGTHQKIIDMAMNGVGCRATARIMGVGLNTILRHLKNSGRSR
GCF_000005845.2,NP_414564.1,30S ribosomal subunit protein S20,NP_414564.1 30S ribosomal subunit protein S20 [Escherichia coli str. K-12 substr. MG1655],87,MANIKSAKKRAIQSEKARKHNASRRSMMRTFIKKVYAAIEAGDKAAAQKAFNEMQPIVDRQAAKGLIHKNKAARHKANLTAQINKLA
GCF_000005845.2,NP_414565.1,DUF2575 domain-containing protein YaaY,NP_414565.1 DUF2575 domain-containing protein YaaY [Escherichia coli str. K-12 substr. MG1655],72,MCRHSLRSDGAGFYQLAGCEYSFSAIKIAAGGQFLPVICAMAMKSHFFLISVLNRRLTLTAVQGILGRFSLF
GCF_000005845.2,NP_414566.1,bifunctional riboflavin kinase/FMN adenylyltransferase,NP_414566.1 bifunctional riboflavin kinase/FMN adenylyltransferase [Escherichia coli str. K-12 substr. MG1655],313,MKLIRGIHNLSQAPQEGCVLTIGNFDGVHRGHRALLQGLQEEGRKRNLPVMVMLFEPQPLELFATDKAPARLTRLREKLRYLAECGVDYVLCVRFDRRFAALTAQNFISDLLVKHLRVKFLAVGDDFRFGAGREGDFLLLQKAGMEYGFDITSTQTFCEGGVRISSTAVRQALADDNLALAESLLGHPFAISGRVVHGDELGRTIGFPTANVPLRRQVSPVKGVYAVEVLGLGEKPLPGVANIGTRPTVAGIRQQLEVHLLDVAMDLYGRHIQVVLRKKIRNEQRFASLDELKAQIARDELTAREFFGLTKPA
GCF_000005845.2,NP_414567.1,isoleucine--tRNA ligase,NP_414567.1 isoleucine--tRNA ligase [Escherichia coli str. K-12 substr. MG1655],938,MSDYKSTLNLPETGFPMRGDLAKREPGMLARWTDDDLYGIIRAAKKGKKTFILHDGPPYANGSIHIGHSVNKILKDIIVKSKGLSGYDSPYVPGWDCHGLPIELKVEQEYGKPGEKFTAAEFRAKCREYAATQVDGQRKDFIRLGVLGDWSHPYLTMDFKTEANIIRALGKIIGNGHLHKGAKPVHWCVDCRSALAEAEVEYYDKTSPSIDVAFQAVDQDALKAKFAVSNVNGPISLVIWTTTPWTLPANRAISIAPDFDYALVQIDGQAVILAKDLVESVMQRIGVTDYTILGTVKGAELELLRFTHPFMGFDVPAILGDHVTLDAGTGAVHTAPGHGPDDYVIGQKYGLETANPVGPDGTYLPGTYPTLDGVNVFKANDIVVALLQEKGALLHVEKMQHSYPCCWRHKTPIIFRATPQWFVSMDQKGLRAQSLKEIKGVQWIPDWGQARIESMVANRPDWCISRQRTWGVPMSLFVHKDTEELHPRTLELMEEVAKRVEVDGIQAWWDLDAKEILGDEADQYVKVPDTLDVWFDSGSTHSSVVDVRPEFAGHAADMYLEGSDQHRGWFMSSLMISTAMKGKAPYRQVLTHGFTVDGQGRKMSKSIGNTVSPQDVMNKLGADILRLWVASTDYTGEMAVSDEILKRAADSYRRIRNTARFLLANLNGFDPAKDMVKPEEMVVLDRWAVGCAKAAQEDILKAYEAYDFHEVVQRLMRFCSVEMGSFYLDIIKDRQYTAKADSVARRSCQTALYHIAEALVRWMAPILSFTADEVWGYLPGEREKYVFTGEWYEGLFGLADSEAMNDAFWDELLKVRGEVNKVIEQARADKKVGGSLEAAVTLYAEPELSAKLTALGDELRFVLLTSGATVADYNDAPADAQQSEVLKGLKVALSKAEGEKCPRCWHYTQDVGKVAEHAEICGRCVSNVAGDGEKRKFA
GCF_000005845.2,NP_414568.1,lipoprotein signal peptidase,NP_414568.1 lipoprotein signal peptidase [Escherichia coli str. K-12 substr. MG1655],164,MSQSICSTGLRWLWLVVVVLIIDLGSKYLILQNFALGDTVPLFPSLNLHYARNYGAAFSFLADSGGWQRWFFAGIAIGISVILAVMMYRSKATQKLNNIAYALIIGGALGNLFDRLWHGFVVDMIDFYVGDWHFATFNLADTAICVGAALIVLEGFLPSRAKKQ
GCF_000005845.2,NP_414569.1,peptidyl-prolyl cis-trans isomerase FkpB,NP_414569.1 peptidyl-prolyl cis-trans isomerase FkpB [Escherichia coli str. K-12 substr. MG1655],149,MSESVQSNSAVLVHFTLKLDDGTTAESTRNNGKPALFRLGDASLSEGLEQHLLGLKVGDKTTFSLEPDAAFGVPSPDLIQYFSRREFMDAGEPEIGAIMLFTAMDGSEMPGVIREINGDSITVDFNHPLAGQTVHFDIEVLEIDPALEA
GCF_000005845.2,NP_414570.1,4-hydroxy-3-methylbut-2-enyl diphosphate reductase,NP_414570.1 4-hydroxy-3-methylbut-2-enyl diphosphate reductase [Escherichia coli str. K-12 substr. MG1655],316,MQILLANPRGFCAGVDRAISIVENALAIYGAPIYVRHEVVHNRYVVDSLRERGAIFIEQISEVPDGAILIFSAHGVSQAVRNEAKSRDLTVFDATCPLVTKVHMEVARASRRGEESILIGHAGHPEVEGTMGQYSNPEGGMYLVESPDDVWKLTVKNEEKLSFMTQTTLSVDDTSDVIDALRKRFPKIVGPRKDDICYATTNRQEAVRALAEQAEVVLVVGSKNSSNSNRLAELAQRMGKRAFLIDDAKDIQEEWVKEVKCVGVTAGASAPDILVQNVVARLQQLGGGEAIPLEGREENIVFEVPKELRVDIREVD
GCF_000005845.2,NP_414571.1,ribonucleoside hydrolase RihC,NP_414571.1 ribonucleoside hydrolase RihC [Escherichia coli str. K-12 substr. MG1655],304,MRLPIFLDTDPGIDDAVAIAAAIFAPELDLQLMTTVAGNVSVEKTTRNALQLLHFWNAEIPLAQGAAVPLVRAPRDAASVHGESGMAGYDFVEHNRKPLGIPAFLAIRDALMRAPEPVTLVAIGPLTNIALLLSQCPECKPYIRRLVIMGGSAGRGNCTPNAEFNIAADPEAAACVFRSGIEIVMCGLDVTNQAILTPDYLSTLPQLNRTGKMLHALFSHYRSGSMQSGLRMHDLCAIAWLVRPDLFTLKPCFVAVETQGEFTSGTTVVDIDGCLGKPANVQVALDLDVKGFQQWVAEVLALAS
GCF_000005845.2,NP_414572.1,4-hydroxy-tetrahydrodipicolinate reductase,NP_414572.1 4-hydroxy-tetrahydrodipicolinate reductase [Escherichia coli str. K-12 substr. MG1655],273,MHDANIRVAIAGAGGRMGRQLIQAALALEGVQLGAALEREGSSLLGSDAGELAGAGKTGVTVQSSLDAVKDDFDVFIDFTRPEGTLNHLAFCRQHGKGMVIGTTGFDEAGKQAIRDAAADIAIVFAANFSVGVNVMLKLLEKAAKVMGDYTDIEIIEAHHRHKVDAPSGTALAMGEAIAHALDKDLKDCAVYSREGHTGERVPGTIGFATVRAGDIVGEHTAMFADIGERLEITHKASSRMTFANGAVRSALWLSGKESGLFDMRDVLDLNNL
GCF_000005845.2,NP_414573.1,carbamoyl-phosphate synthetase small subunit,NP_414573.1 carbamoyl-phosphate synthetase small subunit [Escherichia coli str. K-12 substr. MG1655],382,MIKSALLVLEDGTQFHGRAIGATGSAVGEVVFNTSMTGYQEILTDPSYSRQIVTLTYPHIGNVGTNDADEESSQVHAQGLVIRDLPLIASNFRNTEDLSSYLKRHNIVAIADIDTRKLTRLLREKGAQNGCIIAGDNPDAALALEKARAFPGLNGMDLAKEVTTAEAYSWTQGSWTLTGGLPEAKKEDELPFHVVAYDFGAKRNILRMLVDRGCRLTIVPAQTSAEDVLKMNPDGIFLSNGPGDPAPCDYAITAIQKFLETDIPVFGICLGHQLLALASGAKTVKMKFGHHGGNHPVKDVEKNVVMITAQNHGFAVDEATLPANLRVTHKSLFDGTLQGIHRTDKPAFSFQGHPEASPGPHDAAPLFDHFIELIEQYRKTAK
GCF_000005845.2,NP_414574.1,carbamoyl-phosphate synthetase large subunit,NP_414574.1 carbamoyl-phosphate synthetase large subunit [Escherichia coli str. K-12 substr. MG1655],1073,MPKRTDIKSILILGAGPIVIGQACEFDYSGAQACKALREEGYRVILVNSNPATIMTDPEMADATYIEPIHWEVVRKIIEKERPDAVLPTMGGQTALNCALELERQGVLEEFGVTMIGATADAIDKAEDRRRFDVAMKKIGLETARSGIAHTMEEALAVAADVGFPCIIRPSFTMGGSGGGIAYNREEFEEICARGLDLSPTKELLIDESLIGWKEYEMEVVRDKNDNCIIVCSIENFDAMGIHTGDSITVAPAQTLTDKEYQIMRNASMAVLREIGVETGGSNVQFAVNPKNGRLIVIEMNPRVSRSSALASKATGFPIAKVAAKLAVGYTLDELMNDITGGRTPASFEPSIDYVVTKIPRFNFEKFAGANDRLTTQMKSVGEVMAIGRTQQESLQKALRGLEVGATGFDPKVSLDDPEALTKIRRELKDAGADRIWYIADAFRAGLSVDGVFNLTNIDRWFLVQIEELVRLEEKVAEVGITGLNADFLRQLKRKGFADARLAKLAGVREAEIRKLRDQYDLHPVYKRVDTCAAEFATDTAYMYSTYEEECEANPSTDREKIMVLGGGPNRIGQGIEFDYCCVHASLALREDGYETIMVNCNPETVSTDYDTSDRLYFEPVTLEDVLEIVRIEKPKGVIVQYGGQTPLKLARALEAAGVPVIGTSPDAIDRAEDRERFQHAVERLKLKQPANATVTAIEMAVEKAKEIGYPLVVRPSYVLGGRAMEIVYDEADLRRYFQTAVSVSNDAPVLLDHFLDDAVEVDVDAICDGEMVLIGGIMEHIEQAGVHSGDSACSLPAYTLSQEIQDVMRQQVQKLAFELQVRGLMNVQFAVKNNEVYLIEVNPRAARTVPFVSKATGVPLAKVAARVMAGKSLAEQGVTKEVIPPYYSVKEVVLPFNKFPGVDPLLGPEMRSTGEVMGVGRTFAEAFAKAQLGSNSTMKKHGRALLSVREGDKERVVDLAAKLLKQGFELDATHGTAIVLGEAGINPRLVNKVHEGRPHIQDRIKNGEYTYIINTTSGRRAIEDSRVIRRSALQYKVHYDTTLNGGFATAMALNADATEKVISVQEMHAQIK
GCF_000005845.2,NP_414576.4,DNA-binding transcriptional activator CaiF,NP_414576.4 DNA-binding transcriptional activator CaiF [Escherichia coli str. K-12 substr. MG1655],131,MCEGYVEKPLYLLIAEWMMAENRWVIAREISIHFDIEHSKAVNTLTYILSEVTEISCEVKMIPNKLEGRGCQCQRLVKVVDIDEQIYARLRNNSREKLVGVRKTPRIPAVPLTELNREQKWQMMLSKSMRR
GCF_000005845.2,NP_414577.2,putative transferase CaiE,NP_414577.2 putative transferase CaiE [Escherichia coli str. K-12 substr. MG1655],196,MSYYAFEGLIPVVHPTAFVHPSAVLIGDVIVGAGVYIGPLASLRGDYGRLIVQAGANIQDGCIMHGYCDTDTIVGENGHIGHGAILHGCLIGRDALVGMNSVIMDGAVIGEESIVAAMSFVKAGFRGEKRQLLMGTPARAVRNVSDDELHWKRLNTKEYQDLVGRCHVSLHETQPLRQMEENRPRLQGTTDVTPKR
GCF_000005845.2,NP_414578.2,crotonobetainyl-CoA hydratase,NP_414578.2 crotonobetainyl-CoA hydratase [Escherichia coli str. K-12 substr. MG1655],261,MSESLHLTRNGSILEITLDRPKANAIDAKTSFEMGEVFLNFRDDPQLRVAIITGAGEKFFSAGWDLKAAAEGEAPDADFGPGGFAGLTEIFNLDKPVIAAVNGYAFGGGFELALAADFIVCADNASFALPEAKLGIVPDSGGVLRLPKILPPAIVNEMVMTGRRMGAEEALRWGIVNRVVSQAELMDNARELAQQLVNSAPLAIAALKEIYRTTSEMPVEEAYRYIRSGVLKHYPSVLHSEDAIEGPLAFAEKRDPVWKGR
GCF_000005845.2,NP_414579.4,carnitine--CoA ligase,NP_414579.4 carnitine--CoA ligase [Escherichia coli str. K-12 substr. MG1655],517,MDIIGGQHLRQMWDDLADVYGHKTALICESSGGVVNRYSYLELNQEINRTANLFYTLGIRKGDKVALHLDNCPEFIFCWFGLAKIGAIMVPINARLLCEESAWILQNSQACLLVTSAQFYPMYQQIQQEDATQLRHICLTDVALPADDGVSSFTQLKNQQPATLCYAPPLSTDDTAEILFTSGTTSRPKGVVITHYNLRFAGYYSAWQCALRDDDVYLTVMPAFHIDCQCTAAMAAFSAGATFVLVEKYSARAFWGQVQKYRATVTECIPMMIRTLMVQPPSANDQQHRLREVMFYLNLSEQEKDAFCERFGVRLLTSYGMTETIVGIIGDRPGDKRRWPSIGRVGFCYEAEIRDDHNRPLPAGEIGEICIKGIPGKTIFKEYFLNPQATAKVLEADGWLHTGDTGYRDEEDFFYFVDRRCNMIKRGGENVSCVELENIIAAHPKIQDIVVVGIKDSIRDEAIKAFVVLNEGETLSEEEFFRFCEQNMAKFKVPSYLEIRKDLPRNCSGKIIRKNLK
GCF_000005845.2,NP_414580.1,gamma-butyrobetainyl-CoA:carnitine CoA transferase,NP_414580.1 gamma-butyrobetainyl-CoA:carnitine CoA transferase [Escherichia coli str. K-12 substr. MG1655],405,MDHLPMPKFGPLAGLRVVFSGIEIAGPFAGQMFAEWGAEVIWIENVAWADTIRVQPNYPQLSRRNLHALSLNIFKDEGREAFLKLMETTDIFIEASKGPAFARRGITDEVLWQHNPKLVIAHLSGFGQYGTEEYTNLPAYNTIAQAFSGYLIQNGDVDQPMPAFPYTADYFSGLTATTAALAALHKVRETGKGESIDIAMYEVMLRMGQYFMMDYFNGGEMCPRMSKGKDPYYAGCGLYKCADGYIVMELVGITQIEECFKDIGLAHLLGTPEIPEGTQLIHRIECPYGPLVEEKLDAWLATHTIAEVKERFAELNIACAKVLTVPELESNPQYVARESITQWQTMDGRTCKGPNIMPKFKNNPGQIWRGMPSHGMDTAAILKNIGYSENDIQELVSKGLAKVED
GCF_000005845.2,NP_414581.1,crotonobetainyl-CoA reductase,NP_414581.1 crotonobetainyl-CoA reductase [Escherichia coli str. K-12 substr. MG1655],380,MDFNLNDEQELFVAGIRELMASENWEAYFAECDRDSVYPERFVKALADMGIDSLLIPEEHGGLDAGFVTLAAVWMELGRLGAPTYVLYQLPGGFNTFLREGTQEQIDKIMAFRGTGKQMWNSAITEPGAGSDVGSLKTTYTRRNGKIYLNGSKCFITSSAYTPYIVVMARDGASPDKPVYTEWFVDMSKPGIKVTKLEKLGLRMDSCCEITFDDVELDEKDMFGREGNGFNRVKEEFDHERFLVALTNYGTAMCAFEDAARYANQRVQFGEAIGRFQLIQEKFAHMAIKLNSMKNMLYEAAWKADNGTITSGDAAMCKYFCANAAFEVVDSAMQVLGGVGIAGNHRISRFWRDLRVDRVSGGSDEMQILTLGRAVLKQYR
GCF_000005845.2,NP_414582.1,L-carnitine:gamma-butyrobetaine antiporter,NP_414582.1 L-carnitine:gamma-butyrobetaine antiporter [Escherichia coli str. K-12 substr. MG1655],504,MKNEKRKTGIEPKVFFPPLIIVGILCWLTVRDLDAANVVINAVFSYVTNVWGWAFEWYMVVMLFGWFWLVFGPYAKKRLGNEPPEFSTASWIFMMFASCTSAAVLFWGSIEIYYYISTPPFGLEPNSTGAKELGLAYSLFHWGPLPWATYSFLSVAFAYFFFVRKMEVIRPSSTLVPLVGEKHAKGLFGTIVDNFYLVALIFAMGTSLGLATPLVTECMQWLFGIPHTLQLDAIIITCWIILNAICVACGLQKGVRIASDVRSYLSFLMLGWVFIVSGASFIMNYFTDSVGMLLMYLPRMLFYTDPIAKGGFPQGWTVFYWAWWVIYAIQMSIFLARISRGRTVRELCFGMVLGLTASTWILWTVLGSNTLLLIDKNIINIPNLIEQYGVARAIIETWAALPLSTATMWGFFILCFIATVTLVNACSYTLAMSTCREVRDGEEPPLLVRIGWSILVGIIGIVLLALGGLKPIQTAIIAGGCPLFFVNIMVTLSFIKDAKQNWKD
GCF_000005845.2,NP_414583.2,putative electron transfer flavoprotein FixA,NP_414583.2 putative electron transfer flavoprotein FixA [Escherichia coli str. K-12 substr. MG1655],256,MKIITCYKCVPDEQDIAVNNADGSLDFSKADAKISQYDLNAIEAACQLKQQAAEAQVTALSVGGKALTNAKGRKDVLSRGPDELIVVIDDQFEQALPQQTASALAAAAQKAGFDLILCGDGSSDLYAQQVGLLVGEILNIPAVNGVSKIISLTADTLTVERELEDETETLSIPLPAVVAVSTDINSPQIPSMKAILGAAKKPVQVWSAADIGFNAEAAWSEQQVAAPKQRERQRIVIEGDGEEQIAAFAENLRKVI
GCF_000005845.2,NP_414584.1,putative electron transfer flavoprotein FixB,NP_414584.1 putative electron transfer flavoprotein FixB [Escherichia coli str. K-12 substr. MG1655],313,MNTFSQVWVFSDTPSRLPELMNGAQALANQINTFVLNDADGAQAIQLGANHVWKLNGKPDDRMIEDYAGVMADTIRQHGADGLVLLPNTRRGKLLAAKLGYRLKAAVSNDASTVSVQDGKATVKHMVYGGLAIGEERIATPYAVLTISSGTFDAAQPDASRTGETHTVEWQAPAVAITRTATQARQSNSVDLDKARLVVSVGRGIGSKENIALAEQLCKAIGAELACSRPVAENEKWMEHERYVGISNLMLKPELYLAVGISGQIQHMVGANASQTIFAINKDKNAPIFQYADYGIVGDAVKILPALTAALAR
GCF_000005845.2,NP_414585.1,putative oxidoreductase FixC,NP_414585.1 putative oxidoreductase FixC [Escherichia coli str. K-12 substr. MG1655],428,MSEDIFDAIIVGAGLAGSVAALVLAREGAQVLVIERGNSAGAKNVTGGRLYAHSLEHIIPGFADSAPVERLITHEKLAFMTEKSAMTMDYCNGDETSPSQRSYSVLRSKFDAWLMEQAEEAGAQLITGIRVDNLVQRDGKVVGVEADGDVIEAKTVILADGVNSILAEKLGMAKRVKPTDVAVGVKELIELPKSVIEDRFQLQGNQGAACLFAGSPTDGLMGGGFLYTNENTLSLGLVCGLHHLHDAKKSVPQMLEDFKQHPAVAPLIAGGKLVEYSAHVVPEAGINMLPELVGDGVLIAGDAAGMCMNLGFTIRGMDLAIAAGEAAAKTVLSAMKSDDFSKQKLAEYRQHLESGPLRDMRMYQKLPAFLDNPRMFSGYPELAVGVARDLFTIDGSAPELMRKKILRHGKKVGFINLIKDGMKGVTVL
GCF_000005845.2,NP_414586.1,putative ferredoxin FixX,NP_414586.1 putative ferredoxin FixX [Escherichia coli str. K-12 substr. MG1655],95,MTSPVNVDVKLGVNKFNVDEEHPHIVVKADADKQALELLVKACPAGLYKKQDDGSVRFDYAGCLECGTCRILGLGSALEQWEYPRGTFGVEFRYG
GCF_000005845.2,NP_414587.1,putative transporter YaaU,NP_414587.1 putative transporter YaaU [Escherichia coli str. K-12 substr. MG1655],443,MQPSRNFDDLKFSSIHRRILLWGSGGPFLDGYVLVMIGVALEQLTPALKLDADWIGLLGAGTLAGLFVGTSLFGYISDKVGRRKMFLIDIIAIGVISVATMFVSSPVELLVMRVLIGIVIGADYPIATSMITEFSSTRQRAFSISFIAAMWYVGATCADLVGYWLYDVEGGWRWMLGSAAIPCLLILIGRFELPESPRWLLRKGRVKECEEMMIKLFGEPVAFDEEQPQQTRFRDLFNRRHFPFVLFVAAIWTCQVIPMFAIYTFGPQIVGLLGLGVGKNAALGNVVISLFFMLGCIPPMLWLNTAGRRPLLIGSFAMMTLALAVLGLIPDMGIWLVVMAFAVYAFFSGGPGNLQWLYPNELFPTDIRASAVGVIMSLSRIGTIVSTWALPIFINNYGISNTMLMGAGISLFGLLISVAFAPETRGMSLAQTSNMTIRGQRMG
GCF_000005845.2,NP_414588.1,regulator of KefC-mediated potassium transport and quinone oxidoreductase,NP_414588.1 regulator of KefC-mediated potassium transport and quinone oxidoreductase [Escherichia coli str. K-12 substr. MG1655],176,MILIIYAHPYPHHSHANKRMLEQARTLEGVEIRSLYQLYPDFNIDIAAEQEALSRADLIVWQHPMQWYSIPPLLKLWIDKVFSHGWAYGHGGTALHGKHLLWAVTTGGGESHFEIGAHPGFDVLSQPLQATAIYCGLNWLPPFAMHCTFICDDETLEGQARHYKQRLLEWQEAHHG
GCF_000005845.2,NP_414589.1,K(+) : H(+) antiporter KefC,NP_414589.1 K(+) : H(+) antiporter KefC [Escherichia coli str. K-12 substr. MG1655],620,MDSHTLIQALIYLGSAALIVPIAVRLGLGSVLGYLIAGCIIGPWGLRLVTDAESILHFAEIGVVLMLFIIGLELDPQRLWKLRAAVFGCGALQMVICGGLLGLFCMLLGLRWQVAELIGMTLALSSTAIAMQAMNERNLMVTQMGRSAFAVLLFQDIAAIPLVAMIPLLATSSASTTMGAFALSALKVAGALVLVVLLGRYVTRPALRFVARSGLREVFSAVALFLVFGFGLLLEEVGLSMAMGAFLAGVLLASSEYRHALESDIEPFKGLLLGLFFIGVGMSIDFGTLLENPLRIVILLLGFLIIKIAMLWLIARPLQVPNKQRRWFAVLLGQGSEFAFVVFGAAQMANVLEPEWAKSLTLAVALSMAATPILLVILNRLEQSSTEEAREADEIDEEQPRVIIAGFGRFGQITGRLLLSSGVKMVVLDHDPDHIETLRKFGMKVFYGDATRMDLLESAGAAKAEVLINAIDDPQTNLQLTEMVKEHFPHLQIIARARDVDHYIRLRQAGVEKPERETFEGALKTGRLALESLGLGPYEARERADVFRRFNIQMVEEMAMVENDTKARAAVYKRTSAMLSEIITEDREHLSLIQRHGWQGTEEGKHTGNMADEPETKPSS
GCF_000005845.2,NP_414590.1,dihydrofolate reductase,NP_414590.1 dihydrofolate reductase [Escherichia coli str. K-12 substr. MG1655],159,MISLIAALAVDRVIGMENAMPWNLPADLAWFKRNTLNKPVIMGRHTWESIGRPLPGRKNIILSSQPGTDDRVTWVKSVDEAIAACGDVPEIMVIGGGRVYEQFLPKAQKLYLTHIDAEVEGDTHFPDYEPDDWESVFSEFHDADAQNSHSYCFEILERR
GCF_000005845.2,NP_414591.1,diadenosine tetraphosphatase,NP_414591.1 diadenosine tetraphosphatase [Escherichia coli str. K-12 substr. MG1655],280,MATYLIGDVHGCYDELIALLHKVEFTPGKDTLWLTGDLVARGPGSLDVLRYVKSLGDSVRLVLGNHDLHLLAVFAGISRNKPKDRLTPLLEAPDADELLNWLRRQPLLQIDEEKKLVMAHAGITPQWDLQTAKECARDVEAVLSSDSYPFFLDAMYGDMPNNWSPELRGLGRLRFITNAFTRMRFCFPNGQLDMYSKESPEEAPAPLKPWFAIPGPVAEEYSIAFGHWASLEGKGTPEGIYALDTGCCWGGTLTCLRWEDKQYFVQPSNRHKDLGEAAAS
GCF_000005845.2,NP_414592.1,DUF525 domain-containing protein ApaG,NP_414592.1 DUF525 domain-containing protein ApaG [Escherichia coli str. K-12 substr. MG1655],125,MINSPRVCIQVQSVYIEAQSSPDNERYVFAYTVTIRNLGRAPVQLLGRYWLITNGNGRETEVQGEGVVGVQPLIAPGEEYQYTSGAIIETPLGTMQGHYEMIDENGVPFSIDIPVFRLAVPTLIH
GCF_000005845.2,NP_414593.1,16S rRNA (A(1518)/A(1519))-N(6)-dimethyltransferase,NP_414593.1 16S rRNA (A(1518)/A(1519))-N(6)-dimethyltransferase [Escherichia coli str. K-12 substr. MG1655],273,MNNRVHQGHLARKRFGQNFLNDQFVIDSIVSAINPQKGQAMVEIGPGLAALTEPVGERLDQLTVIELDRDLAARLQTHPFLGPKLTIYQQDAMTFNFGELAEKMGQPLRVFGNLPYNISTPLMFHLFSYTDAIADMHFMLQKEVVNRLVAGPNSKAYGRLSVMAQYYCNVIPVLEVPPSAFTPPPKVDSAVVRLVPHATMPHPVKDVRVLSRITTEAFNQRRKTIRNSLGNLFSVEVLTGMGIDPAMRAENISVAQYCQMANYLAENAPLQES
GCF_000005845.2,NP_414594.1,4-hydroxythreonine-4-phosphate dehydrogenase,NP_414594.1 4-hydroxythreonine-4-phosphate dehydrogenase [Escherichia coli str. K-12 substr. MG1655],329,MVKTQRVVITPGEPAGIGPDLVVQLAQREWPVELVVCADATLLTNRAAMLGLPLTLRPYSPNSPAQPQTAGTLTLLPVALRAPVTAGQLAVENGHYVVETLARACDGCLNGEFAALITGPVHKGVINDAGIPFTGHTEFFEERSQAKKVVMMLATEELRVALATTHLPLRDIADAITPALLHEVIAILHHDLRTKFGIAEPRILVCGLNPHAGEGGHMGTEEIDTIIPVLNELRAQGMKLNGPLPADTLFQPKYLDNADAVLAMYHDQGLPVLKYQGFGRGVNITLGLPFIRTSVDHGTALELAGRGKADVGSFITALNLAIKMIVNTQ
GCF_000005845.2,NP_414595.1,chaperone SurA,NP_414595.1 chaperone SurA [Escherichia coli str. K-12 substr. MG1655],428,MKNWKTLLLGIAMIANTSFAAPQVVDKVAAVVNNGVVLESDVDGLMQSVKLNAAQARQQLPDDATLRHQIMERLIMDQIILQMGQKMGVKISDEQLDQAIANIAKQNNMTLDQMRSRLAYDGLNYNTYRNQIRKEMIISEVRNNEVRRRITILPQEVESLAQQVGNQNDASTELNLSHILIPLPENPTSDQVNEAESQARAIVDQARNGADFGKLAIAHSADQQALNGGQMGWGRIQELPGIFAQALSTAKKGDIVGPIRSGVGFHILKVNDLRGESKNISVTEVHARHILLKPSPIMTDEQARVKLEQIAADIKSGKTTFAAAAKEFSQDPGSANQGGDLGWATPDIFDPAFRDALTRLNKGQMSAPVHSSFGWHLIELLDTRNVDKTDAAQKDRAYRMLMNRKFSEEAASWMQEQRASAYVKILSN
GCF_000005845.2,NP_414596.1,lipopolysaccharide assembly protein LptD,NP_414596.1 lipopolysaccharide assembly protein LptD [Escherichia coli str. K-12 substr. MG1655],784,MKKRIPTLLATMIATALYSQQGLAADLASQCMLGVPSYDRPLVQGDTNDLPVTINADHAKGDYPDDAVFTGSVDIMQGNSRLQADEVQLHQKEAPGQPEPVRTVDALGNVHYDDNQVILKGPKGWANLNTKDTNVWEGDYQMVGRQGRGKADLMKQRGENRYTILDNGSFTSCLPGSDTWSVVGSEIIHDREEQVAEIWNARFKVGPVPIFYSPYLQLPVGDKRRSGFLIPNAKYTTTNYFEFYLPYYWNIAPNMDATITPHYMHRRGNIMWENEFRYLSQAGAGLMELDYLPSDKVYEDEHPNDDSSRRWLFYWNHSGVMDQVWRFNVDYTKVSDPSYFNDFDNKYGSSTDGYATQKFSVGYAVQNFNATVSTKQFQVFSEQNTSSYSAEPQLDVNYYQNDVGPFDTRIYGQAVHFVNTRDDMPEATRVHLEPTINLPLSNNWGSINTEAKLLATHYQQTNLDWYNSRNTTKLDESVNRVMPQFKVDGKMVFERDMEMLAPGYTQTLEPRAQYLYVPYRDQSDIYNYDSSLLQSDYSGLFRDRTYGGLDRIASANQVTTGVTSRIYDDAAVERFNISVGQIYYFTESRTGDDNITWENDDKTGSLVWAGDTYWRISERWGLRGGIQYDTRLDNVATSNSSIEYRRDEDRLVQLNYRYASPEYIQATLPKYYSTAEQYKNGISQVGAVASWPIADRWSIVGAYYYDTNANKQADSMLGVQYSSCCYAIRVGYERKLNGWDNDKQHAVYDNAIGFNIELRGLSSNYGLGTQEMLRSNILPYQNTL
GCF_000005845.2,NP_414597.1,co-chaperone protein DjlA,NP_414597.1 co-chaperone protein DjlA [Escherichia coli str. K-12 substr. MG1655],271,MQYWGKIIGVAVALLMGGGFWGVVLGLLIGHMFDKARSRKMAWFANQRERQALFFATTFEVMGHLTKSKGRVTEADIHIASQLMDRMNLHGASRTAAQNAFRVGKSDNYPLREKMRQFRSVCFGRFDLIRMFLEIQIQAAFADGSLHPNERAVLYVIAEELGISRAQFDQFLRMMQGGAQFGGGYQQQTGGGNWQQAQRGPTLEDACNVLGVKPTDDATTIKRAYRKLMSEHHPDKLVAKGLPPEMMEMAKQKAQEIQQAYELIKQQKGFK
GCF_000005845.2,NP_414600.1,23S rRNA pseudouridine(746) and tRNA pseudouridine(32) synthase,NP_414600.1 23S rRNA pseudouridine(746) and tRNA pseudouridine(32) synthase [Escherichia coli str. K-12 substr. MG1655],219,MGMENYNPPQEPWLVILYQDDHIMVVNKPSGLLSVPGRLEEHKDSVMTRIQRDYPQAESVHRLDMATSGVIVVALTKAAERELKRQFREREPKKQYVARVWGHPSPAEGLVDLPLICDWPNRPKQKVCYETGKPAQTEYEVVEYAADNTARVVLKPITGRSHQLRVHMLALGHPILGDRFYASPEARAMAPRLLLHAEMLTITHPAYGNSMTFKAPADF
GCF_000005845.2,NP_414601.1,RNA polymerase-binding ATPase and RNAP recycling factor,NP_414601.1 RNA polymerase-binding ATPase and RNAP recycling factor [Escherichia coli str. K-12 substr. MG1655],968,MPFTLGQRWISDTESELGLGTVVAVDARTVTLLFPSTGENRLYARSDSPVTRVMFNPGDTITSHDGWQMQVEEVKEENGLLTYIGTRLDTEESGVALREVFLDSKLVFSKPQDRLFAGQIDRMDRFALRYRARKYSSEQFRMPYSGLRGQRTSLIPHQLNIAHDVGRRHAPRVLLADEVGLGKTIEAGMILHQQLLSGAAERVLIIVPETLQHQWLVEMLRRFNLRFALFDDERYAEAQHDAYNPFDTEQLVICSLDFARRSKQRLEHLCEAEWDLLVVDEAHHLVWSEDAPSREYQAIEQLAEHVPGVLLLTATPEQLGMESHFARLRLLDPNRFHDFAQFVEEQKNYRPVADAVAMLLAGNKLSNDELNMLGEMIGEQDIEPLLQAANSDSEDAQSARQELVSMLMDRHGTSRVLFRNTRNGVKGFPKRELHTIKLPLPTQYQTAIKVSGIMGARKSAEDRARDMLYPERIYQEFEGDNATWWNFDPRVEWLMGYLTSHRSQKVLVICAKAATALQLEQVLREREGIRAAVFHEGMSIIERDRAAAWFAEEDTGAQVLLCSEIGSEGRNFQFASHMVMFDLPFNPDLLEQRIGRLDRIGQAHDIQIHVPYLEKTAQSVLVRWYHEGLDAFEHTCPTGRTIYDSVYNDLINYLASPDQTEGFDDLIKNCREQHEALKAQLEQGRDRLLEIHSNGGEKAQALAESIEEQDDDTNLIAFAMNLFDIIGINQDDRGDNMIVLTPSDHMLVPDFPGLSEDGITITFDREVALAREDAQFITWEHPLIRNGLDLILSGDTGSSTISLLKNKALPVGTLLVELIYVVEAQAPKQLQLNRFLPPTPVRMLLDKNGNNLAAQVEFETFNRQLNAVNRHTGSKLVNAVQQDVHAILQLGEAQIEKSARALIDAARNEADEKLSAELSRLEALRAVNPNIRDDELTAIESNRQQVMESLDQAGWRLDALRLIVVTHQ
GCF_000005845.2,NP_414602.1,DNA polymerase II,NP_414602.1 DNA polymerase II [Escherichia coli str. K-12 substr. MG1655],783,MAQAGFILTRHWRDTPQGTEVSFWLATDNGPLQVTLAPQESVAFIPADQVPRAQHILQGEQGFRLTPLALKDFHRQPVYGLYCRAHRQLMNYEKRLREGGVTVYEADVRPPERYLMERFITSPVWVEGDMHNGTIVNARLKPHPDYRPPLKWVSIDIETTRHGELYCIGLEGCGQRIVYMLGPENGDASSLDFELEYVASRPQLLEKLNAWFANYDPDVIIGWNVVQFDLRMLQKHAERYRLPLRLGRDNSELEWREHGFKNGVFFAQAKGRLIIDGIEALKSAFWNFSSFSLETVAQELLGEGKSIDNPWDRMDEIDRRFAEDKPALATYNLKDCELVTQIFHKTEIMPFLLERATVNGLPVDRHGGSVAAFGHLYFPRMHRAGYVAPNLGEVPPHASPGGYVMDSRPGLYDSVLVLDYKSLYPSIIRTFLIDPVGLVEGMAQPDPEHSTEGFLDAWFSREKHCLPEIVTNIWHGRDEAKRQGNKPLSQALKIIMNAFYGVLGTTACRFFDPRLASSITMRGHQIMRQTKALIEAQGYDVIYGDTDSTFVWLKGAHSEEEAAKIGRALVQHVNAWWAETLQKQRLTSALELEYETHFCRFLMPTIRGADTGSKKRYAGLIQEGDKQRMVFKGLETVRTDWTPLAQQFQQELYLRIFRNEPYQEYVRETIDKLMAGELDARLVYRKRLRRPLSEYQRNVPPHVRAARLADEENQKRGRPLQYQNRGTIKYVWTTNGPEPLDYQRSPLDYEHYLTRQLQPVAEGILPFIEDNFATLMTGQLGLF
GCF_000005845.2,NP_414603.1,L-ribulose-5-phosphate 4-epimerase AraD,NP_414603.1 L-ribulose-5-phosphate 4-epimerase AraD [Escherichia coli str. K-12 substr. MG1655],231,MLEDLKRQVLEANLALPKHNLVTLTWGNVSAVDRERGVFVIKPSGVDYSVMTADDMVVVSIETGEVVEGTKKPSSDTPTHRLLYQAFPSIGGIVHTHSRHATIWAQAGQSIPATGTTHADYFYGTIPCTRKMTDAEINGEYEWETGNVIVETFEKQGIDAAQMPGVLVHSHGPFAWGKNAEDAVHNAIVLEEVAYMGIFCRQLAPQLPDMQQTLLDKHYLRKHGAKAYYGQ
GCF_000005845.2,NP_414604.1,L-arabinose isomerase,NP_414604.1 L-arabinose isomerase [Escherichia coli str. K-12 substr. MG1655],500,MTIFDNYEVWFVIGSQHLYGPETLRQVTQHAEHVVNALNTEAKLPCKLVLKPLGTTPDEITAICRDANYDDRCAGLVVWLHTFSPAKMWINGLTMLNKPLLQFHTQFNAALPWDSIDMDFMNLNQTAHGGREFGFIGARMRQQHAVVTGHWQDKQAHERIGSWMRQAVSKQDTRHLKVCRFGDNMREVAVTDGDKVAAQIKFGFSVNTWAVGDLVQVVNSISDGDVNALVDEYESCYTMTPATQIHGKKRQNVLEAARIELGMKRFLEQGGFHAFTTTFEDLHGLKQLPGLAVQRLMQQGYGFAGEGDWKTAALLRIMKVMSTGLQGGTSFMEDYTYHFEKGNDLVLGSHMLEVCPSIAAEEKPILDVQHLGIGGKDDPARLIFNTQTGPAIVASLIDLGDRYRLLVNCIDTVKTPHSLPKLPVANALWKAQPDLPTASEAWILAGGAHHTVFSHALNLNDMRQFAEMHDIEITVIDNDTRLPAFKDALRWNEVYYGFRR
GCF_000005845.2,NP_414605.1,ribulokinase,NP_414605.1 ribulokinase [Escherichia coli str. K-12 substr. MG1655],566,MAIAIGLDFGSDSVRALAVDCATGEEIATSVEWYPRWQKGQFCDAPNNQFRHHPRDYIESMEAALKTVLAELSVEQRAAVVGIGVDSTGSTPAPIDADGNVLALRPEFAENPNAMFVLWKDHTAVEEAEEITRLCHAPGNVDYSRYIGGIYSSEWFWAKILHVTRQDSAVAQSAASWIELCDWVPALLSGTTRPQDIRRGRCSAGHKSLWHESWGGLPPASFFDELDPILNRHLPSPLFTDTWTADIPVGTLCPEWAQRLGLPESVVISGGAFDCHMGAVGAGAQPNALVKVIGTSTCDILIADKQSVGERAVKGICGQVDGSVVPGFIGLEAGQSAFGDIYAWFGRVLGWPLEQLAAQHPELKTQINASQKQLLPALTEAWAKNPSLDHLPVVLDWFNGRRTPNANQRLKGVITDLNLATDAPLLFGGLIAATAFGARAIMECFTDQGIAVNNVMALGGIARKNQVIMQACCDVLNRPLQIVASDQCCALGAAIFAAVAAKVHADIPSAQQKMASAVEKTLQPCSEQAQRFEQLYRRYQQWAMSAEQHYLPTSAPAQAAQAVATL
GCF_000005845.2,NP_414606.1,DNA-binding transcriptional dual regulator AraC,NP_414606.1 DNA-binding transcriptional dual regulator AraC [Escherichia coli str. K-12 substr. MG1655],292,MAEAQNDPLLPGYSFNAHLVAGLTPIEANGYLDFFIDRPLGMKGYILNLTIRGQGVVKNQGREFVCRPGDILLFPPGEIHHYGRHPEAREWYHQWVYFRPRAYWHEWLNWPSIFANTGFFRPDEAHQPHFSDLFGQIINAGQGEGRYSELLAINLLEQLLLRRMEAINESLHPPMDNRVREACQYISDHLADSNFDIASVAQHVCLSPSRLSHLFRQQLGISVLSWREDQRISQAKLLLSTTRMPIATVGRNVGFDDQLYFSRVFKKCTGASPSEFRAGCEEKVNDVAVKLS
GCF_000005845.2,NP_414607.1,DedA family protein YabI,NP_414607.1 DedA family protein YabI [Escherichia coli str. K-12 substr. MG1655],254,MQALLEHFITQSTVYSLMAVVLVAFLESLALVGLILPGTVLMAGLGALIGSGELSFWHAWLAGIIGCLMGDWISFWLGWRFKKPLHRWSFLKKNKALLDKTEHALHQHSMFTILVGRFVGPTRPLVPMVAGMLDLPVAKFITPNIIGCLLWPPFYFLPGILAGAAIDIPAGMQSGEFKWLLLATAVFLWVGGWLCWRLWRSGKATDRLSHYLSRGRLLWLTPLISAIGVVALVVLIRHPLMPVYIDILRKVVGV
GCF_000005845.2,NP_414608.1,thiamine ABC transporter ATP binding subunit,NP_414608.1 thiamine ABC transporter ATP binding subunit [Escherichia coli str. K-12 substr. MG1655],232,MLKLTDITWLYHHLPMRFSLTVERGEQVAILGPSGAGKSTLLNLIAGFLTPASGSLTIDGVDHTTMPPSRRPVSMLFQENNLFSHLTVAQNIGLGLNPGLKLNAVQQGKMHAIARQMGIDNLMARLPGELSGGQRQRVALARCLVREQPILLLDEPFSALDPALRQEMLTLVSTSCQQQKMTLLMVSHSVEDAARIATRSVVVADGRIAWQGMTNELLSGKASASALLGITG
GCF_000005845.2,NP_414609.1,thiamine ABC transporter membrane subunit,NP_414609.1 thiamine ABC transporter membrane subunit [Escherichia coli str. K-12 substr. MG1655],536,MATRRQPLIPGWLIPGVSATTLVVAVALAAFLALWWNAPQDDWVAVWQDSYLWHVVRFSFWQAFLSALLSVIPAIFLARALYRRRFPGRLALLRLCAMTLILPVLVAVFGILSVYGRQGWLATLCQSLGLEWTFSPYGLQGILLAHVFFNLPMASRLLLQALENIPGEQRQLAAQLGMRSWHFFRFVEWPWLRRQIPPVAALIFMLCFASFATVLSLGGGPQATTIELAIYQALSYDYDPARAAMLALLQMVCCLGLVLLSQRLSKAIAPGTTLLQGWRDPDDRLHSRICDTVLIVLALLLLLPPLLAVIVDGVNRQLPEVLAQPVLWQALWTSLRIALAAGVLCVVLTMMLLWSSRELRARQKMLAGQVLEMSGMLILAMPGIVLATGFFLLLNNTIGLPQSADGIVIFTNALMAIPYALKVLENPMRDITARYSMLCQSLGIEGWSRLKVVELRALKRPLAQALAFACVLSIGDFGVVALFGNDDFRTLPFYLYQQIGSYRSQDGAVTALILLLLCFLLFTVIEKLPGRNVKTD
GCF_000005845.2,NP_414610.1,thiamine ABC transporter periplasmic binding protein,NP_414610.1 thiamine ABC transporter periplasmic binding protein [Escherichia coli str. K-12 substr. MG1655],327,MLKKCLPLLLLCTAPVFAKPVLTVYTYDSFAADWGPGPVVKKAFEADCNCELKLVALEDGVSLLNRLRMEGKNSKADVVLGLDNNLLDAASKTGLFAKSGVAADAVNVPGGWNNDTFVPFDYGYFAFVYDKNKLKNPPQSLKELVESDQNWRVIYQDPRTSTPGLGLLLWMQKVYGDDAPQAWQKLAKKTVTVTKGWSEAYGLFLKGESDLVLSYTTSPAYHILEEKKDNYAAANFSEGHYLQVEVAARTAASKQPELAQKFLQFMVSPAFQNAIPTGNWMYPVANVTLPAGFEKLTKPATTLEFTPAEVAAQRQAWISEWQRAVSR
GCF_000005845.2,NP_414611.1,DNA-binding transcriptional dual regulator SgrR,NP_414611.1 DNA-binding transcriptional dual regulator SgrR [Escherichia coli str. K-12 substr. MG1655],551,MPSARLQQQFIRLWQCCEGKSQDTTLNELAALLSCSRRHMRTLLNTMQDRGWLTWEAEVGRGKRSRLTFLYTGLALQQQRAEDLLEQDRIDQLVQLVGDKATVRQMLVSHLGRSFRQGRHILRVLYYRPLRNLLPGSALRRSETHIARQIFSSLTRINEENGELEADIAHHWQQISPLHWRFFLRPGVHFHHGRELEMDDVIASLKRINTLPLYSHIADIVSPTPWTLDIHLTQPDRWLPLLLGQVPAMILPREWETLSNFASHPIGTGPYAVIRNSTNQLKIQAFDDFFGYRALIDEVNVWVLPEIADEPAGGLMLKGPQGEEKEIESRLEEGCYYLLFDSRTHRGANQQVRDWVSYVLSPTNLVYFAEEQYQQLWFPAYGLLPRWHHARTIKSEKPAGLESLTLTFYQDHSEHRVIAGIMQQILASHQVTLKIKEIDYDQWHTGEIESDIWLNSANFTLPLDFSVFAHLCEVPLLQHCIPIDWQADAARWRNGEMNLANWCQQLVASKAMVPLLHHWLIIQGQRSMRGLRMNTLGWFDFKSAWFAPPDP
GCF_000005845.2,NP_414613.1,3-isopropylmalate dehydratase subunit LeuD,NP_414613.1 3-isopropylmalate dehydratase subunit LeuD [Escherichia coli str. K-12 substr. MG1655],201,MAEKFIKHTGLVVPLDAANVDTDAIIPKQFLQKVTRTGFGAHLFNDWRFLDEKGQQPNPDFVLNFPQYQGASILLARENFGCGSSREHAPWALTDYGFKVVIAPSFADIFYGNSFNNQLLPVKLSDAEVDELFALVKANPGIHFDVDLEAQEVKAGEKTYRFTIDAFRRHCMMNGLDSIGLTLQHDDAIAAYEAKQPAFMN
GCF_000005845.2,NP_414614.1,3-isopropylmalate dehydratase subunit LeuC,NP_414614.1 3-isopropylmalate dehydratase subunit LeuC [Escherichia coli str. K-12 substr. MG1655],466,MAKTLYEKLFDAHVVYEAENETPLLYIDRHLVHEVTSPQAFDGLRAHGRPVRQPGKTFATMDHNVSTQTKDINACGEMARIQMQELIKNCKEFGVELYDLNHPYQGIVHVMGPEQGVTLPGMTIVCGDSHTATHGAFGALAFGIGTSEVEHVLATQTLKQGRAKTMKIEVQGKAAPGITAKDIVLAIIGKTGSAGGTGHVVEFCGEAIRDLSMEGRMTLCNMAIEMGAKAGLVAPDETTFNYVKGRLHAPKGKDFDDAVAYWKTLQTDEGATFDTVVTLQAEEISPQVTWGTNPGQVISVNDNIPDPASFADPVERASAEKALAYMGLKPGIPLTEVAIDKVFIGSCTNSRIEDLRAAAEIAKGRKVAPGVQALVVPGSGPVKAQAEAEGLDKIFIEAGFEWRLPGCSMCLAMNNDRLNPGERCASTSNRNFEGRQGRGGRTHLVSPAMAAAAAVTGHFADIRNIK
GCF_000005845.2,NP_414615.4,3-isopropylmalate dehydrogenase,NP_414615.4 3-isopropylmalate dehydrogenase [Escherichia coli str. K-12 substr. MG1655],363,MSKNYHIAVLPGDGIGPEVMTQALKVLDAVRNRFAMRITTSHYDVGGAAIDNHGQPLPPATVEGCEQADAVLFGSVGGPKWEHLPPDQQPERGALLPLRKHFKLFSNLRPAKLYQGLEAFCPLRADIAANGFDILCVRELTGGIYFGQPKGREGSGQYEKAFDTEVYHRFEIERIARIAFESARKRRHKVTSIDKANVLQSSILWREIVNEIATEYPDVELAHMYIDNATMQLIKDPSQFDVLLCSNLFGDILSDECAMITGSMGMLPSASLNEQGFGLYEPAGGSAPDIAGKNIANPIAQILSLALLLRYSLDADDAACAIERAINRALEEGIRTGDLARGAAAVSTDEMGDIIARYVAEGV
GCF_000005845.2,NP_414616.1,2-isopropylmalate synthase,NP_414616.1 2-isopropylmalate synthase [Escherichia coli str. K-12 substr. MG1655],523,MSQQVIIFDTTLRDGEQALQASLSVKEKLQIALALERMGVDVMEVGFPVSSPGDFESVQTIARQVKNSRVCALARCVEKDIDVAAESLKVAEAFRIHTFIATSPMHIATKLRSTLDEVIERAIYMVKRARNYTDDVEFSCEDAGRTPIADLARVVEAAINAGATTINIPDTVGYTMPFEFAGIISGLYERVPNIDKAIISVHTHDDLGLAVGNSLAAVHAGARQVEGAMNGIGERAGNCSLEEVIMAIKVRKDILNVHTAINHQEIWRTSQLVSQICNMPIPANKAIVGSGAFAHSSGIHQDGVLKNRENYEIMTPESIGLNQIQLNLTSRSGRAAVKHRMDEMGYKESEYNLDNLYDAFLKLADKKGQVFDYDLEALAFIGKQQEEPEHFRLDYFSVQSGSNDIATAAVKLACGEEVKAEAANGNGPVDAVYQAINRITEYNVELVKYSLTAKGHGKDALGQVDIVANYNGRRFHGVGLATDIVESSAKAMVHVLNNIWRAAEVEKELQRKAQHNENNKETV
GCF_000005845.2,NP_414617.1,leu operon leader peptide,NP_414617.1 leu operon leader peptide [Escherichia coli str. K-12 substr. MG1655],28,MTHIVRFIGLLLLNASSLRGRRVSGIQH
GCF_000005845.2,NP_414618.4,DNA-binding transcriptional dual regulator LeuO,NP_414618.4 DNA-binding transcriptional dual regulator LeuO [Escherichia coli str. K-12 substr. MG1655],314,MPEVQTDHPETAELSKPQLRMVDLNLLTVFDAVMQEQNITRAAHVLGMSQPAVSNAVARLKVMFNDELFVRYGRGIQPTARAFQLFGSVRQALQLVQNELPGSGFEPASSERVFHLCVCSPLDSILTSQIYNHIEQIAPNIHVMFKSSLNQNTEHQLRYQETEFVISYEDFHRPEFTSVPLFKDEMVLVASKNHPTIKGPLLKHDVYNEQHAAVSLDRFASFSQPWYDTVDKQASIAYQGMAMMSVLSVVSQTHLVAIAPRWLAEEFAESLELQVLPLPLKQNSRTCYLSWHEAAGRDKGHQWMEEQLVSICKR
GCF_000005845.2,NP_414620.1,"acetolactate synthase/acetohydroxybutanoate synthase, regulatory subunit","NP_414620.1 acetolactate synthase/acetohydroxybutanoate synthase, regulatory subunit [Escherichia coli str. K-12 substr. MG1655]",163,MRRILSVLLENESGALSRVIGLFSQRGYNIESLTVAPTDDPTLSRMTIQTVGDEKVLEQIEKQLHKLVDVLRVSELGQGAHVEREIMLVKIQASGYGRDEVKRNTEIFRGQIIDVTPSLYTVQLAGTSGKLDAFLASIRDVAKIVEVARSGVVGLSRGDKIMR
GCF_000005845.2,NP_414622.1,DNA-binding transcriptional regulator Cra,NP_414622.1 DNA-binding transcriptional regulator Cra [Escherichia coli str. K-12 substr. MG1655],334,MKLDEIARLAGVSRTTASYVINGKAKQYRVSDKTVEKVMAVVREHNYHPNAVAAGLRAGRTRSIGLVIPDLENTSYTRIANYLERQARQRGYQLLIACSEDQPDNEMRCIEHLLQRQVDAIIVSTSLPPEHPFYQRWANDPFPIVALDRALDREHFTSVVGADQDDAEMLAEELRKFPAETVLYLGALPELSVSFLREQGFRTAWKDDPREVHFLYANSYEREAAAQLFEKWLETHPMPQALFTTSFALLQGVMDVTLRRDGKLPSDLAIATFGDNELLDFLQCPVLAVAQRHRDVAERVLEIVLASLDEPRKPKPGLTRIKRNLYRRGVLSRS
GCF_000005845.2,NP_414623.1,DNA-binding transcriptional repressor MraZ,NP_414623.1 DNA-binding transcriptional repressor MraZ [Escherichia coli str. K-12 substr. MG1655],152,MFRGATLVNLDSKGRLSVPTRYREQLLENAAGQMVCTIDIYHPCLLLYPLPEWEIIEQKLSRLSSMNPVERRVQRLLLGHASECQMDGAGRLLIAPVLRQHAGLTKEVMLVGQFNKFELWDETTWHQQVKEDIDAEQLATGDLSERLQDLSL
GCF_000005845.2,NP_414624.1,16S rRNA m(4)C1402 methyltransferase,NP_414624.1 16S rRNA m(4)C1402 methyltransferase [Escherichia coli str. K-12 substr. MG1655],313,MMENYKHTTVLLDEAVNGLNIRPDGIYIDGTFGRGGHSRLILSQLGEEGRLLAIDRDPQAIAVAKTIDDPRFSIIHGPFSALGEYVAERDLIGKIDGILLDLGVSSPQLDDAERGFSFMRDGPLDMRMDPTRGQSAAEWLQTAEEADIAWVLKTYGEERFAKRIARAIVERNREQPMTRTKELAEVVAAATPVKDKFKHPATRTFQAVRIWVNSELEEIEQALKSSLNVLAPGGRLSIISFHSLEDRIVKRFMRENSRGPQVPAGLPMTEEQLKKLGGRQLRALGKLMPGEEEVAENPRARSSVLRIAERTNA
GCF_000005845.2,NP_414625.1,cell division protein FtsL,NP_414625.1 cell division protein FtsL [Escherichia coli str. K-12 substr. MG1655],121,MISRVTEALSKVKGSMGSHERHALPGVIGDDLLRFGKLPLCLFICIILTAVTVVTTAHHTRLLTAQREQLVLERDALDIEWRNLILEENALGDHSRVERIATEKLQMQHVDPSQENIVVQK
GCF_000005845.2,NP_414626.1,peptidoglycan DD-transpeptidase FtsI,NP_414626.1 peptidoglycan DD-transpeptidase FtsI [Escherichia coli str. K-12 substr. MG1655],588,MKAAAKTQKPKRQEEHANFISWRFALLCGCILLALAFLLGRVAWLQVISPDMLVKEGDMRSLRVQQVSTSRGMITDRSGRPLAVSVPVKAIWADPKEVHDAGGISVGDRWKALANALNIPLDQLSARINANPKGRFIYLARQVNPDMADYIKKLKLPGIHLREESRRYYPSGEVTAHLIGFTNVDSQGIEGVEKSFDKWLTGQPGERIVRKDRYGRVIEDISSTDSQAAHNLALSIDERLQALVYRELNNAVAFNKAESGSAVLVDVNTGEVLAMANSPSYNPNNLSGTPKEAMRNRTITDVFEPGSTVKPMVVMTALQRGVVRENSVLNTIPYRINGHEIKDVARYSELTLTGVLQKSSNVGVSKLALAMPSSALVDTYSRFGLGKATNLGLVGERSGLYPQKQRWSDIERATFSFGYGLMVTPLQLARVYATIGSYGIYRPLSITKVDPPVPGERVFPESIVRTVVHMMESVALPGGGGVKAAIKGYRIAIKTGTAKKVGPDGRYINKYIAYTAGVAPASQPRFALVVVINDPQAGKYYGGAVSAPVFGAIMGGVLRTMNIEPDALTTGDKNEFVINQGEGTGGRS
GCF_000005845.2,NP_414627.1,"UDP-N-acetylmuramoyl-L-alanyl-D-glutamate--2,6-diaminopimelate ligase","NP_414627.1 UDP-N-acetylmuramoyl-L-alanyl-D-glutamate--2,6-diaminopimelate ligase [Escherichia coli str. K-12 substr. MG1655]",495,MADRNLRDLLAPWVPDAPSRALREMTLDSRVAAAGDLFVAVVGHQADGRRYIPQAIAQGVAAIIAEAKDEATDGEIREMHGVPVIYLSQLNERLSALAGRFYHEPSDNLRLVGVTGTNGKTTTTQLLAQWSQLLGEISAVMGTVGNGLLGKVIPTENTTGSAVDVQHELAGLVDQGATFCAMEVSSHGLVQHRVAALKFAASVFTNLSRDHLDYHGDMEHYEAAKWLLYSEHHCGQAIINADDEVGRRWLAKLPDAVAVSMEDHINPNCHGRWLKATEVNYHDSGATIRFSSSWGDGEIESHLMGAFNVSNLLLALATLLALGYPLADLLKTAARLQPVCGRMEVFTAPGKPTVVVDYAHTPDALEKALQAARLHCAGKLWCVFGCGGDRDKGKRPLMGAIAEEFADVAVVTDDNPRTEEPRAIINDILAGMLDAGHAKVMEGRAEAVTCAVMQAKENDVVLVAGKGHEDYQIVGNQRLDYSDRVTVARLLGVIA
GCF_000005845.2,NP_414628.1,UDP-N-acetylmuramoyl-tripeptide--D-alanyl-D-alanine ligase,NP_414628.1 UDP-N-acetylmuramoyl-tripeptide--D-alanyl-D-alanine ligase [Escherichia coli str. K-12 substr. MG1655],452,MISVTLSQLTDILNGELQGADITLDAVTTDTRKLTPGCLFVALKGERFDAHDFADQAKAGGAGALLVSRPLDIDLPQLIVKDTRLAFGELAAWVRQQVPARVVALTGSSGKTSVKEMTAAILSQCGNTLYTAGNLNNDIGVPMTLLRLTPEYDYAVIELGANHQGEIAWTVSLTRPEAALVNNLAAAHLEGFGSLAGVAKAKGEIFSGLPENGIAIMNADNNDWLNWQSVIGSRKVWRFSPNAANSDFTATNIHVTSHGTEFTLQTPTGSVDVLLPLPGRHNIANALAAAALSMSVGATLDAIKAGLANLKAVPGRLFPIQLAENQLLLDDSYNANVGSMTAAVQVLAEMPGYRVLVVGDMAELGAESEACHVQVGEAAKAAGIDRVLSVGKQSHAISTASGVGEHFADKTALITRLKLLIAEQQVITILVKGSRSAAMEEVVRALQENGTC
GCF_000005845.2,NP_414629.1,phospho-N-acetylmuramoyl-pentapeptide-transferase,NP_414629.1 phospho-N-acetylmuramoyl-pentapeptide-transferase [Escherichia coli str. K-12 substr. MG1655],360,MLVWLAEHLVKYYSGFNVFSYLTFRAIVSLLTALFISLWMGPRMIAHLQKLSFGQVVRNDGPESHFSKRGTPTMGGIMILTAIVISVLLWAYPSNPYVWCVLVVLVGYGVIGFVDDYRKVVRKDTKGLIARWKYFWMSVIALGVAFALYLAGKDTPATQLVVPFFKDVMPQLGLFYILLAYFVIVGTGNAVNLTDGLDGLAIMPTVFVAGGFALVAWATGNMNFASYLHIPYLRHAGELVIVCTAIVGAGLGFLWFNTYPAQVFMGDVGSLALGGALGIIAVLLRQEFLLVIMGGVFVVETLSVILQVGSFKLRGQRIFRMAPIHHHYELKGWPEPRVIVRFWIISLMLVLIGLATLKVR
GCF_000005845.2,NP_414630.1,UDP-N-acetylmuramoyl-L-alanine--D-glutamate ligase,NP_414630.1 UDP-N-acetylmuramoyl-L-alanine--D-glutamate ligase [Escherichia coli str. K-12 substr. MG1655],438,MADYQGKNVVIIGLGLTGLSCVDFFLARGVTPRVMDTRMTPPGLDKLPEAVERHTGSLNDEWLMAADLIVASPGIALAHPSLSAAADAGIEIVGDIELFCREAQAPIVAITGSNGKSTVTTLVGEMAKAAGVNVGVGGNIGLPALMLLDDECELYVLELSSFQLETTSSLQAVAATILNVTEDHMDRYPFGLQQYRAAKLRIYENAKVCVVNADDALTMPIRGADERCVSFGVNMGDYHLNHQQGETWLRVKGEKVLNVKEMKLSGQHNYTNALAALALADAAGLPRASSLKALTTFTGLPHRFEVVLEHNGVRWINDSKATNVGSTEAALNGLHVDGTLHLLLGGDGKSADFSPLARYLNGDNVRLYCFGRDGAQLAALRPEVAEQTETMEQAMRLLAPRVQPGDMVLLSPACASLDQFKNFEQRGNEFARLAKELG
GCF_000005845.2,NP_414631.1,peptidoglycan glycosyltransferase FtsW,NP_414631.1 peptidoglycan glycosyltransferase FtsW [Escherichia coli str. K-12 substr. MG1655],414,MRLSLPRLKMPRLPGFSILVWISTALKGWVMGSREKDTDSLIMYDRTLLWLTFGLAAIGFIMVTSASMPIGQRLTNDPFFFAKRDGVYLILAFILAIITLRLPMEFWQRYSATMLLGSIILLMIVLVVGSSVKGASRWIDLGLLRIQPAELTKLSLFCYIANYLVRKGDEVRNNLRGFLKPMGVILVLAVLLLAQPDLGTVVVLFVTTLAMLFLAGAKLWQFIAIIGMGISAVVLLILAEPYRIRRVTAFWNPWEDPFGSGYQLTQSLMAFGRGELWGQGLGNSVQKLEYLPEAHTDFIFAIIGEELGYVGVVLALLMVFFVAFRAMSIGRKALEIDHRFSGFLACSIGIWFSFQALVNVGAAAGMLPTKGLTLPLISYGGSSLLIMSTAIMMLLRIDYETRLEKAQAFVRGSR
GCF_000005845.2,NP_414632.1,N-acetylglucosaminyl transferase,NP_414632.1 N-acetylglucosaminyl transferase [Escherichia coli str. K-12 substr. MG1655],355,MSGQGKRLMVMAGGTGGHVFPGLAVAHHLMAQGWQVRWLGTADRMEADLVPKHGIEIDFIRISGLRGKGIKALIAAPLRIFNAWRQARAIMKAYKPDVVLGMGGYVSGPGGLAAWSLGIPVVLHEQNGIAGLTNKWLAKIATKVMQAFPGAFPNAEVVGNPVRTDVLALPLPQQRLAGREGPVRVLVVGGSQGARILNQTMPQVAAKLGDSVTIWHQSGKGSQQSVEQAYAEAGQPQHKVTEFIDDMAAAYAWADVVVCRSGALTVSEIAAAGLPALFVPFQHKDRQQYWNALPLEKAGAAKIIEQPQLSVDAVANTLAGWSRETLLTMAERARAASIPDATERVANEVSRVARA
GCF_000005845.2,NP_414633.1,UDP-N-acetylmuramate--L-alanine ligase,NP_414633.1 UDP-N-acetylmuramate--L-alanine ligase [Escherichia coli str. K-12 substr. MG1655],491,MNTQQLAKLRSIVPEMRRVRHIHFVGIGGAGMGGIAEVLANEGYQISGSDLAPNPVTQQLMNLGATIYFNHRPENVRDASVVVVSSAISADNPEIVAAHEARIPVIRRAEMLAELMRFRHGIAIAGTHGKTTTTAMVSSIYAEAGLDPTFVNGGLVKAAGVHARLGHGRYLIAEADESDASFLHLQPMVAIVTNIEADHMDTYQGDFENLKQTFINFLHNLPFYGRAVMCVDDPVIRELLPRVGRQTTTYGFSEDADVRVEDYQQIGPQGHFTLLRQDKEPMRVTLNAPGRHNALNAAAAVAVATEEGIDDEAILRALESFQGTGRRFDFLGEFPLEPVNGKSGTAMLVDDYGHHPTEVDATIKAARAGWPDKNLVMLFQPHRFTRTRDLYDDFANVLTQVDTLLMLEVYPAGEAPIPGADSRSLCRTIRGRGKIDPILVPDPARVAEMLAPVLTGNDLILVQGAGNIGKIARSLAEIKLKPQTPEEEQHD
GCF_000005845.2,NP_414634.1,D-alanine--D-alanine ligase B,NP_414634.1 D-alanine--D-alanine ligase B [Escherichia coli str. K-12 substr. MG1655],306,MTDKIAVLLGGTSAEREVSLNSGAAVLAGLREGGIDAYPVDPKEVDVTQLKSMGFQKVFIALHGRGGEDGTLQGMLELMGLPYTGSGVMASALSMDKLRSKLLWQGAGLPVAPWVALTRAEFEKGLSDKQLAEISALGLPVIVKPSREGSSVGMSKVVAENALQDALRLAFQHDEEVLIEKWLSGPEFTVAILGEEILPSIRIQPSGTFYDYEAKYLSDETQYFCPAGLEASQEANLQALVLKAWTTLGCKGWGRIDVMLDSDGQFYLLEANTSPGMTSHSLVPMAARQAGMSFSQLVVRILELAD
GCF_000005845.2,NP_414635.1,cell division protein FtsQ,NP_414635.1 cell division protein FtsQ [Escherichia coli str. K-12 substr. MG1655],276,MSQAALNTRNSEEEVSSRRNNGTRLAGILFLLTVLTTVLVSGWVVLGWMEDAQRLPLSKLVLTGERHYTRNDDIRQSILALGEPGTFMTQDVNIIQTQIEQRLPWIKQVSVRKQWPDELKIHLVEYVPIARWNDQHMVDAEGNTFSVPPERTSKQVLPMLYGPEGSANEVLQGYREMGQMLAKDRFTLKEAAMTARRSWQLTLNNDIKLNLGRGDTMKRLARFVELYPVLQQQAQTDGKRISYVDLRYDSGAAVGWAPLPPEESTQQQNQAQAEQQ
GCF_000005845.2,NP_414636.1,cell division protein FtsA,NP_414636.1 cell division protein FtsA [Escherichia coli str. K-12 substr. MG1655],420,MIKATDRKLVVGLEIGTAKVAALVGEVLPDGMVNIIGVGSCPSRGMDKGGVNDLESVVKCVQRAIDQAELMADCQISSVYLALSGKHISCQNEIGMVPISEEEVTQEDVENVVHTAKSVRVRDEHRVLHVIPQEYAIDYQEGIKNPVGLSGVRMQAKVHLITCHNDMAKNIVKAVERCGLKVDQLIFAGLASSYSVLTEDERELGVCVVDIGGGTMDIAVYTGGALRHTKVIPYAGNVVTSDIAYAFGTPPSDAEAIKVRHGCALGSIVGKDESVEVPSVGGRPPRSLQRQTLAEVIEPRYTELLNLVNEEILQLQEKLRQQGVKHHLAAGIVLTGGAAQIEGLAACAQRVFHTQVRIGAPLNITGLTDYAQEPYYSTAVGLLHYGKESHLNGEAEVEKRVTASVGSWIKRLNSWLRKEF
GCF_000005845.2,NP_414637.1,cell division protein FtsZ,NP_414637.1 cell division protein FtsZ [Escherichia coli str. K-12 substr. MG1655],383,MFEPMELTNDAVIKVIGVGGGGGNAVEHMVRERIEGVEFFAVNTDAQALRKTAVGQTIQIGSGITKGLGAGANPEVGRNAADEDRDALRAALEGADMVFIAAGMGGGTGTGAAPVVAEVAKDLGILTVAVVTKPFNFEGKKRMAFAEQGITELSKHVDSLITIPNDKLLKVLGRGISLLDAFGAANDVLKGAVQGIAELITRPGLMNVDFADVRTVMSEMGYAMMGSGVASGEDRAEEAAEMAISSPLLEDIDLSGARGVLVNITAGFDLRLDEFETVGNTIRAFASDNATVVIGTSLDPDMNDELRVTVVATGIGMDKRPEITLVTNKQVQQPVMDRYQQHGMAPLTQEQKPVAKVVNDNAPQTAKEPDYLDIPAFLRKQAD
GCF_000005845.2,NP_414638.1,UDP-3-O-acyl-N-acetylglucosamine deacetylase,NP_414638.1 UDP-3-O-acyl-N-acetylglucosamine deacetylase [Escherichia coli str. K-12 substr. MG1655],305,MIKQRTLKRIVQATGVGLHTGKKVTLTLRPAPANTGVIYRRTDLNPPVDFPADAKSVRDTMLCTCLVNEHDVRISTVEHLNAALAGLGIDNIVIEVNAPEIPIMDGSAAPFVYLLLDAGIDELNCAKKFVRIKETVRVEDGDKWAEFKPYNGFSLDFTIDFNHPAIDSSNQRYAMNFSADAFMRQISRARTFGFMRDIEYLQSRGLCLGGSFDCAIVVDDYRVLNEDGLRFEDEFVRHKMLDAIGDLFMCGHNIIGAFTAYKSGHALNNKLLQAVLAKQEAWEYVTFQDDAELPLAFKAPSAVLA
GCF_000005845.2,NP_414639.2,SecA translation regulator,NP_414639.2 SecA translation regulator [Escherichia coli str. K-12 substr. MG1655],170,MSGILTRWRQFGKRYFWPHLLLGMVAASLGLPALSNAAEPNAPAKATTRNHEPSAKVNFGQLALLEANTRRPNSNYSVDYWHQHAIRTVIRHLSFAMAPQTLPVAEESLPLQAQHLALLDTLSALLTQEGTPSEKGYRIDYAHFTPQAKFSTPVWISQAQGIRAGPQRLT
GCF_000005845.2,NP_414640.1,protein translocation ATPase,NP_414640.1 protein translocation ATPase [Escherichia coli str. K-12 substr. MG1655],901,MLIKLLTKVFGSRNDRTLRRMRKVVNIINAMEPEMEKLSDEELKGKTAEFRARLEKGEVLENLIPEAFAVVREASKRVFGMRHFDVQLLGGMVLNERCIAEMRTGEGKTLTATLPAYLNALTGKGVHVVTVNDYLAQRDAENNRPLFEFLGLTVGINLPGMPAPAKREAYAADITYGTNNEYGFDYLRDNMAFSPEERVQRKLHYALVDEVDSILIDEARTPLIISGPAEDSSEMYKRVNKIIPHLIRQEKEDSETFQGEGHFSVDEKSRQVNLTERGLVLIEELLVKEGIMDEGESLYSPANIMLMHHVTAALRAHALFTRDVDYIVKDGEVIIVDEHTGRTMQGRRWSDGLHQAVEAKEGVQIQNENQTLASITFQNYFRLYEKLAGMTGTADTEAFEFSSIYKLDTVVVPTNRPMIRKDLPDLVYMTEAEKIQAIIEDIKERTAKGQPVLVGTISIEKSELVSNELTKAGIKHNVLNAKFHANEAAIVAQAGYPAAVTIATNMAGRGTDIVLGGSWQAEVAALENPTAEQIEKIKADWQVRHDAVLEAGGLHIIGTERHESRRIDNQLRGRSGRQGDAGSSRFYLSMEDALMRIFASDRVSGMMRKLGMKPGEAIEHPWVTKAIANAQRKVESRNFDIRKQLLEYDDVANDQRRAIYSQRNELLDVSDVSETINSIREDVFKATIDAYIPPQSLEEMWDIPGLQERLKNDFDLDLPIAEWLDKEPELHEETLRERILAQSIEVYQRKEEVVGAEMMRHFEKGVMLQTLDSLWKEHLAAMDYLRQGIHLRGYAQKDPKQEYKRESFSMFAAMLESLKYEVISTLSKVQVRMPEEVEELEQQRRMEAERLAQMQQLSHQDDDSAAAAALAAQTGERKVGRNDPCPCGSGKKYKQCHGRLQ
GCF_000005845.2,NP_414641.1,8-oxo-dGTP diphosphatase,NP_414641.1 8-oxo-dGTP diphosphatase [Escherichia coli str. K-12 substr. MG1655],129,MKKLQIAVGIIRNENNEIFITRRAADAHMANKLEFPGGKIEMGETPEQAVVRELQEEVGITPQHFSLFEKLEYEFPDRHITLWFWLVERWEGEPWGKEGQPGEWMSLVGLNADDFPPANEPVIAKLKRL
GCF_000005845.2,NP_414643.1,DNA gyrase inhibitor YacG,NP_414643.1 DNA gyrase inhibitor YacG [Escherichia coli str. K-12 substr. MG1655],65,MSETITVNCPTCGKTVVWGEISPFRPFCSKRCQLIDLGEWAAEEKRIPSSGDLSESDDWSEEPKQ
GCF_000005845.2,NP_414644.1,cell division factor ZapD,NP_414644.1 cell division factor ZapD [Escherichia coli str. K-12 substr. MG1655],247,MQTQVLFEHPLNEKMRTWLRIEFLIQQLTVNLPIVDHAGALHFFRNVSELLDVFERGEVRTELLKELDRQQRKLQTWIGVPGVDQSRIEALIQQLKAAGSVLISAPRIGQFLREDRLIALVRQRLSIPGGCCSFDLPTLHIWLHLPQAQRDSQVETWIASLNPLTQALTMVLDLIRQSAPFRKQTSLNGFYQDNGGDADLLRLNLSLDSQLYPQISGHKSRFAIRFMPLDTENGQVPERLDFELACC
GCF_000005845.2,NP_414645.1,dephospho-CoA kinase,NP_414645.1 dephospho-CoA kinase [Escherichia coli str. K-12 substr. MG1655],206,MRYIVALTGGIGSGKSTVANAFADLGINVIDADIIARQVVEPGAPALHAIADHFGANMIAADGTLQRRALRERIFANPEEKNWLNALLHPLIQQETQHQIQQATSPYVLWVVPLLVENSLYKKANRVLVVDVSPETQLKRTMQRDDVTREHVEQILAAQATREARLAVADDVIDNNGAPDAIASDVARLHAHYLQLASQFVSQEKP
GCF_000005845.2,NP_414646.1,GMP reductase,NP_414646.1 GMP reductase [Escherichia coli str. K-12 substr. MG1655],347,MRIEEDLKLGFKDVLIRPKRSTLKSRSDVELERQFTFKHSGQSWSGVPIIAANMDTVGTFSMASALASFDILTAVHKHYSVEEWQAFINNSSADVLKHVMVSTGTSDADFEKTKQILDLNPALNFVCIDVANGYSEHFVQFVAKAREAWPTKTICAGNVVTGEMCEELILSGADIVKVGIGPGSVCTTRVKTGVGYPQLSAVIECADAAHGLGGMIVSDGGCTTPGDVAKAFGGGADFVMLGGMLAGHEESGGRIVEENGEKFMLFYGMSSESAMKRHVGGVAEYRAAEGKTVKLPLRGPVENTARDILGGLRSACTYVGASRLKELTKRTTFIRVQEQENRIFNNL
GCF_000005845.2,NP_414648.1,inner membrane protein HofC,NP_414648.1 inner membrane protein HofC [Escherichia coli str. K-12 substr. MG1655],400,MASKQLWRWHGITGDGNAQDGMLWAESRTLLLMALQQQMVTPLSLKRIAINSAQWRGDKSAEVIHQLATLLKAGLTLSEGLALLAEQHPSKQWQALLQSLAHDLEQGIAFSNALLPWSEVFPPLYQAMIRTGELTGKLDECCFELARQQKAQRQLTDKVKSALRYPIIILAMAIMVVVAMLHFVLPEFAAIYKTFNTPLPALTQGIMTLADFSGEWSWLLVLFGFLLAIANKLLMRRPTWLIVRQKLLLRIPIMGSLMRGQKLTQIFTILALTQSAGITFLQGVESVRETMRCPYWVQLLTQIQHDISNGQPIWLALKNTGEFSPLCLQLVRTGEASGSLDLMLDNLAHHHRENTMALADNLAALLEPALLIITGGIIGTLVVAMYLPIFHLGDAMSGMG
GCF_000005845.2,NP_414649.1,T2SSE family protein,NP_414649.1 T2SSE family protein [Escherichia coli str. K-12 substr. MG1655],461,MNIPQLTALCLRYHGVLLDASEEVVHVAVVDAPSHELLDALHFATTKRIEITCWTRQQMEGHASRTQQTLPVAVQEKHQPKAELLTRTLQSALEQRASDIHIEPADNAYRIRLRIDGVLHPLPDVSPDAGVALTARLKVLGNLDIAEHRLPQDGQFTVELAGNAVSFRIATLPCRGGEKVVLRLLQQVGQALDVNTLGMQPLQLADFAHALQQPQGLVLVTGPTGSGKTVTLYSALQKLNTADINICSVEDPVEIPIAGLNQTQIHPRAGLTFQGVLRALLRQDPDVIMIGEIRDGETAEIAIKAAQTGHLVLSTLHTNSTCETLVRLQQMGVARWMLSSALTLVIAQRLVRKLCPHCRRQQGEPIHIPDNVWPSPLPHWQAPGCVHCYHGFYGRTALFEVLPITPVIRQLISANTDVESLETHARQAGMRTLFENGCLAVEQGLTTFEELIRVLGMPHGE
GCF_000005845.2,NP_414650.1,prepilin-type N-terminal cleavage/methylation domain-containing protein PpdD,NP_414650.1 prepilin-type N-terminal cleavage/methylation domain-containing protein PpdD [Escherichia coli str. K-12 substr. MG1655],146,MDKQRGFTLIELMVVIGIIAILSAIGIPAYQNYLRKAALTDMLQTFVPYRTAVELCALEHGGLDTCDGGSNGIPSPTTTRYVSAMSVAKGVVSLTGQESLNGLSVVMTPGWDNANGVTGWTRNCNIQSDSALQQACEDVFRFDDAN
GCF_000005845.2,NP_414651.1,quinolinate phosphoribosyltransferase (decarboxylating),NP_414651.1 quinolinate phosphoribosyltransferase (decarboxylating) [Escherichia coli str. K-12 substr. MG1655],297,MPPRRYNPDTRRDELLERINLDIPGAVAQALREDLGGTVDANNDITAKLLPENSRSHATVITRENGVFCGKRWVEEVFIQLAGDDVTIIWHVDDGDVINANQSLFELEGPSRVLLTGERTALNFVQTLSGVASKVRHYVELLEGTNTQLLDTRKTLPGLRSALKYAVLCGGGANHRLGLSDAFLIKENHIIASGSVRQAVEKASWLHPDAPVEVEVENLEELDEALKAGADIIMLDNFETEQMREAVKRTNGKALLEVSGNVTDKTLREFAETGVDFISVGALTKHVQALDLSMRFR
